<?xml version="1.0" encoding="utf-8"?>
<databaseChangeLog
    xmlns="http://www.liquibase.org/xml/ns/dbchangelog"
    xmlns:xsi="http://www.w3.org/2001/XMLSchema-instance"
    xsi:schemaLocation="http://www.liquibase.org/xml/ns/dbchangelog http://www.liquibase.org/xml/ns/dbchangelog/dbchangelog-3.8.xsd">

    <property name="now" value="now()" dbms="h2"/>
    <property name="now" value="now()" dbms="mysql"/>

    <property name="floatType" value="float4" dbms="postgresql, h2"/>
    <property name="floatType" value="float" dbms="mysql, oracle, mssql, mariadb"/>
    <property name="clobType" value="clob" dbms="h2"/>
    <property name="clobType" value="clob" dbms="mysql, oracle, mssql, mariadb, postgresql"/>
    <property name="uuidType" value="varchar(36)" dbms="h2, mysql, mariadb"/>

    <include file="config/liquibase/changelog/00000000000000_initial_schema.xml" relativeToChangelogFile="false"/>
    <include file="config/liquibase/changelog/20200531082800_added_entity_InfoStreamItem.xml" relativeToChangelogFile="false"/>
    <include file="config/liquibase/changelog/20200531082900_added_entity_RelativeGoodsItem.xml" relativeToChangelogFile="false"/>
    <include file="config/liquibase/changelog/20200531083000_added_entity_Reply.xml" relativeToChangelogFile="false"/>
    <include file="config/liquibase/changelog/20200531083100_added_entity_Author.xml" relativeToChangelogFile="false"/>
    <include file="config/liquibase/changelog/20200531083200_added_entity_ResourceItem.xml" relativeToChangelogFile="false"/>
    <include file="config/liquibase/changelog/20200531083300_added_entity_InfoItemVisitData.xml" relativeToChangelogFile="false"/>
    <include file="config/liquibase/changelog/20200531083400_added_entity_InfoItemVisitDataStat.xml" relativeToChangelogFile="false"/>
    <include file="config/liquibase/changelog/20200531083500_added_entity_ReplyVisitDataStat.xml" relativeToChangelogFile="false"/>
    <include file="config/liquibase/changelog/20200531083600_added_entity_AuthorFavourData.xml" relativeToChangelogFile="false"/>
    <include file="config/liquibase/changelog/20200531083700_added_entity_StreamItemStarData.xml" relativeToChangelogFile="false"/>
    <include file="config/liquibase/changelog/20200531083800_added_entity_UserContentCollection.xml" relativeToChangelogFile="false"/>
    <!-- jhipster-needle-liquibase-add-changelog - JHipster will add liquibase changelogs here -->
    <include file="config/liquibase/changelog/20200531082800_added_entity_constraints_InfoStreamItem.xml" relativeToChangelogFile="false"/>
    <include file="config/liquibase/changelog/20200531082900_added_entity_constraints_RelativeGoodsItem.xml" relativeToChangelogFile="false"/>
    <include file="config/liquibase/changelog/20200531083000_added_entity_constraints_Reply.xml" relativeToChangelogFile="false"/>
    <include file="config/liquibase/changelog/20200531083200_added_entity_constraints_ResourceItem.xml" relativeToChangelogFile="false"/>
    <include file="config/liquibase/changelog/20200531083300_added_entity_constraints_InfoItemVisitData.xml" relativeToChangelogFile="false"/>
    <include file="config/liquibase/changelog/20200531083600_added_entity_constraints_AuthorFavourData.xml" relativeToChangelogFile="false"/>
    <!-- jhipster-needle-liquibase-add-constraints-changelog - JHipster will add liquibase constraints changelogs here -->
</databaseChangeLog>
