{
  "generator-jhipster": {
    "promptValues": {
      "packageName": "com.octopus.vip1",
      "nativeLanguage": "zh-cn"
    },
    "jhipsterVersion": "6.8.0",
    "applicationType": "monolith",
    "baseName": "vip1",
    "packageName": "com.octopus.vip1",
    "packageFolder": "com/octopus/vip1",
    "serverPort": "8080",
    "authenticationType": "session",
    "cacheProvider": "redis",
    "enableHibernateCache": false,
    "websocket": false,
    "databaseType": "sql",
    "devDatabaseType": "mysql",
    "prodDatabaseType": "mysql",
    "searchEngine": false,
    "messageBroker": false,
    "serviceDiscoveryType": false,
    "buildTool": "maven",
    "enableSwaggerCodegen": false,
    "rememberMeKey": "98f41ec2c9813824c39783c08ad071a56a7c0d0266c80737968180e0f28b8d85dc6c2ede7423e3250906ba5f95eb7332dc3e",
    "embeddableLaunchScript": false,
    "useSass": true,
    "clientPackageManager": "npm",
    "clientFramework": "vue",
    "clientTheme": "none",
    "clientThemeVariant": "",
    "creationTimestamp": 1590912378130,
    "testFrameworks": [],
    "jhiPrefix": "jhi",
    "entitySuffix": "",
    "dtoSuffix": "DTO",
    "otherModules": [
      {
        "name": "generator-jhipster-vuejs",
        "version": "1.7.0"
      }
    ],
    "enableTranslation": true,
    "nativeLanguage": "zh-cn",
    "languages": ["zh-cn", "en"],
    "blueprints": [
      {
        "name": "generator-jhipster-vuejs",
        "version": "1.7.0"
      }
    ]
  }
}
