<?xml version="1.0" encoding="utf-8"?>
<databaseChangeLog
    xmlns="http://www.liquibase.org/xml/ns/dbchangelog"
    xmlns:ext="http://www.liquibase.org/xml/ns/dbchangelog-ext"
    xmlns:xsi="http://www.w3.org/2001/XMLSchema-instance"
    xsi:schemaLocation="http://www.liquibase.org/xml/ns/dbchangelog http://www.liquibase.org/xml/ns/dbchangelog/dbchangelog-3.8.xsd
                        http://www.liquibase.org/xml/ns/dbchangelog-ext http://www.liquibase.org/xml/ns/dbchangelog/dbchangelog-ext.xsd">

        <property name="autoIncrement" value="true"/>

    <!--
        Added the entity Reply.
    -->
    <changeSet id="20200531083000-1" author="jhipster">
        <createTable tableName="reply" remarks="内容评论及回复.">
            <column name="id" type="bigint" autoIncrement="${autoIncrement}">
                <constraints primaryKey="true" nullable="false"/>
            </column>
            <column name="title" type="varchar(255)" remarks="标题">
                <constraints nullable="true" />
            </column>
            <column name="content" type="varchar(255)" remarks="内容">
                <constraints nullable="true" />
            </column>
            <column name="audit_status" type="boolean" remarks="审核">
                <constraints nullable="true" />
            </column>
            <column name="create_data" type="datetime" remarks="发表时间">
                <constraints nullable="true" />
            </column>
            <column name="audit_date" type="datetime" remarks="审核时间">
                <constraints nullable="true" />
            </column>
            <column name="create_user" type="varchar(255)" remarks="发表用户">
                <constraints nullable="true" />
            </column>
            <column name="audit_user" type="bigint" remarks="审核人">
                <constraints nullable="true" />
            </column>
            <column name="reply_user_id" type="bigint" remarks="评论人">
                <constraints nullable="true" />
            </column>
            <column name="reply_user_nick_name" type="varchar(255)" remarks="评论人昵称">
                <constraints nullable="true" />
            </column>
            <column name="del_flag" type="boolean" remarks="是否已经删除">
                <constraints nullable="true" />
            </column>
            <column name="reply_to_id" type="bigint">
                <constraints nullable="true" />
            </column>
            <column name="item_id" type="bigint">
                <constraints nullable="true" />
            </column>
            <!-- jhipster-needle-liquibase-add-column - JHipster will add columns here, do not remove-->
        </createTable>
        <dropDefaultValue tableName="reply" columnName="create_data" columnDataType="datetime"/>
        <dropDefaultValue tableName="reply" columnName="audit_date" columnDataType="datetime"/>
    </changeSet>

    <changeSet id="20200531083000-1-relations" author="jhipster">

    </changeSet>
    <!-- jhipster-needle-liquibase-add-changeset - JHipster will add changesets here, do not remove-->

    <!--
        Load sample data generated with Faker.js
        - This data can be easily edited using a CSV editor (or even MS Excel) and
          is located in the 'src/main/resources/config/liquibase/fake-data' directory
        - By default this data is applied when running with the JHipster 'dev' profile.
          This can be customized by adding or removing 'faker' in the 'spring.liquibase.contexts'
          Spring Boot configuration key.
    -->
    <changeSet id="20200531083000-1-data" author="jhipster" context="faker">
        <loadData
                  file="config/liquibase/fake-data/reply.csv"
                  separator=";"
                  tableName="reply">
            <column name="id" type="numeric"/>
            <column name="title" type="string"/>
            <column name="content" type="string"/>
            <column name="audit_status" type="boolean"/>
            <column name="create_data" type="datetime"/>
            <column name="audit_date" type="datetime"/>
            <column name="create_user" type="string"/>
            <column name="audit_user" type="numeric"/>
            <column name="reply_user_id" type="numeric"/>
            <column name="reply_user_nick_name" type="string"/>
            <column name="del_flag" type="boolean"/>
            <!-- jhipster-needle-liquibase-add-loadcolumn - JHipster (and/or extensions) can add load columns here, do not remove-->
        </loadData>
    </changeSet>

</databaseChangeLog>
