<?xml version="1.0" encoding="utf-8"?>
<databaseChangeLog
    xmlns="http://www.liquibase.org/xml/ns/dbchangelog"
    xmlns:ext="http://www.liquibase.org/xml/ns/dbchangelog-ext"
    xmlns:xsi="http://www.w3.org/2001/XMLSchema-instance"
    xsi:schemaLocation="http://www.liquibase.org/xml/ns/dbchangelog http://www.liquibase.org/xml/ns/dbchangelog/dbchangelog-3.8.xsd
                        http://www.liquibase.org/xml/ns/dbchangelog-ext http://www.liquibase.org/xml/ns/dbchangelog/dbchangelog-ext.xsd">

        <property name="autoIncrement" value="true"/>

    <!--
        Added the entity ResourceItem.
    -->
    <changeSet id="20200531083200-1" author="jhipster">
        <createTable tableName="resource_item" remarks="资讯内容，比如视频，文章，图片等">
            <column name="id" type="bigint" autoIncrement="${autoIncrement}">
                <constraints primaryKey="true" nullable="false"/>
            </column>
            <column name="type" type="varchar(255)">
                <constraints nullable="true" />
            </column>
            <column name="platform" type="varchar(255)" remarks="平台，比如alivod等">
                <constraints nullable="true" />
            </column>
            <column name="resource_id" type="varchar(255)" remarks="在平台上的资源id，比如aliyun的点播的videoId，oss的对象id">
                <constraints nullable="true" />
            </column>
            <column name="transcode_status" type="boolean" remarks="是否已经完成转码">
                <constraints nullable="true" />
            </column>
            <column name="upload_status" type="boolean" remarks="是否已经成功上传">
                <constraints nullable="true" />
            </column>
            <column name="update_date" type="datetime" remarks="上传时间">
                <constraints nullable="true" />
            </column>
            <column name="audit_status" type="boolean" remarks="是否通过审核">
                <constraints nullable="true" />
            </column>
            <column name="audit_date" type="datetime" remarks="最后审核操作时间">
                <constraints nullable="true" />
            </column>
            <column name="audit_info" type="varchar(255)" remarks="审核信息">
                <constraints nullable="true" />
            </column>
            <column name="file_size" type="bigint" remarks="内容大小，字节">
                <constraints nullable="true" />
            </column>
            <column name="content_size" type="bigint" remarks="内容长度，比如时长">
                <constraints nullable="true" />
            </column>
            <column name="source" type="varchar(255)" remarks="来源-平台上传/用户上传">
                <constraints nullable="true" />
            </column>
            <column name="url" type="varchar(255)" remarks="地址">
                <constraints nullable="true" />
            </column>
            <column name="url_expire" type="bigint" remarks="地址过期时间">
                <constraints nullable="true" />
            </column>
            <column name="params" type="varchar(255)" remarks="资源参数，比如视频长度，码率等，json格式">
                <constraints nullable="true" />
            </column>
            <column name="audit_user" type="bigint" remarks="审核人">
                <constraints nullable="true" />
            </column>
            <column name="del_flag" type="boolean" remarks="是否已经删除">
                <constraints nullable="true" />
            </column>
            <column name="info_stream_item_id" type="bigint">
                <constraints nullable="true" />
            </column>
            <column name="info_stream_item_id" type="bigint">
                <constraints nullable="true" />
            </column>
            <!-- jhipster-needle-liquibase-add-column - JHipster will add columns here, do not remove-->
        </createTable>
        <dropDefaultValue tableName="resource_item" columnName="update_date" columnDataType="datetime"/>
        <dropDefaultValue tableName="resource_item" columnName="audit_date" columnDataType="datetime"/>
    </changeSet>

    <changeSet id="20200531083200-1-relations" author="jhipster">

    </changeSet>
    <!-- jhipster-needle-liquibase-add-changeset - JHipster will add changesets here, do not remove-->

    <!--
        Load sample data generated with Faker.js
        - This data can be easily edited using a CSV editor (or even MS Excel) and
          is located in the 'src/main/resources/config/liquibase/fake-data' directory
        - By default this data is applied when running with the JHipster 'dev' profile.
          This can be customized by adding or removing 'faker' in the 'spring.liquibase.contexts'
          Spring Boot configuration key.
    -->
    <changeSet id="20200531083200-1-data" author="jhipster" context="faker">
        <loadData
                  file="config/liquibase/fake-data/resource_item.csv"
                  separator=";"
                  tableName="resource_item">
            <column name="id" type="numeric"/>
            <column name="type" type="string"/>
            <column name="platform" type="string"/>
            <column name="resource_id" type="string"/>
            <column name="transcode_status" type="boolean"/>
            <column name="upload_status" type="boolean"/>
            <column name="update_date" type="datetime"/>
            <column name="audit_status" type="boolean"/>
            <column name="audit_date" type="datetime"/>
            <column name="audit_info" type="string"/>
            <column name="file_size" type="numeric"/>
            <column name="content_size" type="numeric"/>
            <column name="source" type="string"/>
            <column name="url" type="string"/>
            <column name="url_expire" type="numeric"/>
            <column name="params" type="string"/>
            <column name="audit_user" type="numeric"/>
            <column name="del_flag" type="boolean"/>
            <!-- jhipster-needle-liquibase-add-loadcolumn - JHipster (and/or extensions) can add load columns here, do not remove-->
        </loadData>
    </changeSet>

</databaseChangeLog>
