<?xml version="1.0" encoding="utf-8"?>
<databaseChangeLog
    xmlns="http://www.liquibase.org/xml/ns/dbchangelog"
    xmlns:ext="http://www.liquibase.org/xml/ns/dbchangelog-ext"
    xmlns:xsi="http://www.w3.org/2001/XMLSchema-instance"
    xsi:schemaLocation="http://www.liquibase.org/xml/ns/dbchangelog http://www.liquibase.org/xml/ns/dbchangelog/dbchangelog-3.8.xsd
                        http://www.liquibase.org/xml/ns/dbchangelog-ext http://www.liquibase.org/xml/ns/dbchangelog/dbchangelog-ext.xsd">

        <property name="autoIncrement" value="true"/>

    <!--
        Added the entity InfoStreamItem.
    -->
    <changeSet id="20200531082800-1" author="jhipster">
        <createTable tableName="info_stream_item" remarks="信息流资讯\n@author hw">
            <column name="id" type="bigint" autoIncrement="${autoIncrement}">
                <constraints primaryKey="true" nullable="false"/>
            </column>
            <column name="title" type="varchar(255)" remarks="商品标题">
                <constraints nullable="true" />
            </column>
            <column name="type" type="varchar(255)" remarks="类型">
                <constraints nullable="true" />
            </column>
            <column name="digist" type="varchar(255)" remarks="简介/摘要">
                <constraints nullable="true" />
            </column>
            <column name="content" type="varchar(255)" remarks="内容">
                <constraints nullable="true" />
            </column>
            <column name="create_user" type="varchar(255)" remarks="创建人">
                <constraints nullable="true" />
            </column>
            <column name="last_update_date" type="datetime" remarks="最后更新时间">
                <constraints nullable="true" />
            </column>
            <column name="update_user" type="varchar(255)" remarks="更新人">
                <constraints nullable="true" />
            </column>
            <column name="create_date" type="datetime" remarks="创建时间">
                <constraints nullable="true" />
            </column>
            <column name="tags" type="varchar(255)" remarks="标签">
                <constraints nullable="true" />
            </column>
            <column name="content_type" type="varchar(255)" remarks="内容类型">
                <constraints nullable="true" />
            </column>
            <column name="author_id" type="bigint">
                <constraints nullable="true" />
            </column>
            <!-- jhipster-needle-liquibase-add-column - JHipster will add columns here, do not remove-->
        </createTable>
        <dropDefaultValue tableName="info_stream_item" columnName="last_update_date" columnDataType="datetime"/>
        <dropDefaultValue tableName="info_stream_item" columnName="create_date" columnDataType="datetime"/>
    </changeSet>

    <changeSet id="20200531082800-1-relations" author="jhipster">

    </changeSet>
    <!-- jhipster-needle-liquibase-add-changeset - JHipster will add changesets here, do not remove-->

    <!--
        Load sample data generated with Faker.js
        - This data can be easily edited using a CSV editor (or even MS Excel) and
          is located in the 'src/main/resources/config/liquibase/fake-data' directory
        - By default this data is applied when running with the JHipster 'dev' profile.
          This can be customized by adding or removing 'faker' in the 'spring.liquibase.contexts'
          Spring Boot configuration key.
    -->
    <changeSet id="20200531082800-1-data" author="jhipster" context="faker">
        <loadData
                  file="config/liquibase/fake-data/info_stream_item.csv"
                  separator=";"
                  tableName="info_stream_item">
            <column name="id" type="numeric"/>
            <column name="title" type="string"/>
            <column name="type" type="string"/>
            <column name="digist" type="string"/>
            <column name="content" type="string"/>
            <column name="create_user" type="string"/>
            <column name="last_update_date" type="datetime"/>
            <column name="update_user" type="string"/>
            <column name="create_date" type="datetime"/>
            <column name="tags" type="string"/>
            <column name="content_type" type="string"/>
            <!-- jhipster-needle-liquibase-add-loadcolumn - JHipster (and/or extensions) can add load columns here, do not remove-->
        </loadData>
    </changeSet>

</databaseChangeLog>
