<?xml version="1.0" encoding="utf-8"?>
<databaseChangeLog
    xmlns="http://www.liquibase.org/xml/ns/dbchangelog"
    xmlns:ext="http://www.liquibase.org/xml/ns/dbchangelog-ext"
    xmlns:xsi="http://www.w3.org/2001/XMLSchema-instance"
    xsi:schemaLocation="http://www.liquibase.org/xml/ns/dbchangelog http://www.liquibase.org/xml/ns/dbchangelog/dbchangelog-3.8.xsd
                        http://www.liquibase.org/xml/ns/dbchangelog-ext http://www.liquibase.org/xml/ns/dbchangelog/dbchangelog-ext.xsd">

        <property name="autoIncrement" value="true"/>

    <!--
        Added the entity ReplyVisitDataStat.
    -->
    <changeSet id="20200531083500-1" author="jhipster">
        <createTable tableName="reply_visit_data_stat" remarks="评论或回复访问的统计信息.\n@author hw">
            <column name="id" type="bigint" autoIncrement="${autoIncrement}">
                <constraints primaryKey="true" nullable="false"/>
            </column>
            <column name="click_count" type="bigint" remarks="点击次数次数">
                <constraints nullable="true" />
            </column>
            <column name="start_date" type="date" remarks="开始统计时间">
                <constraints nullable="true" />
            </column>
            <column name="end_date" type="date" remarks="终止统计时间">
                <constraints nullable="true" />
            </column>
            <column name="source" type="varchar(255)" remarks="访问方式">
                <constraints nullable="true" />
            </column>
            <column name="termimal" type="varchar(255)" remarks="终端类型">
                <constraints nullable="true" />
            </column>
            <column name="reply_count" type="integer" remarks="评论数">
                <constraints nullable="true" />
            </column>
            <column name="star_count" type="integer" remarks="点赞数量">
                <constraints nullable="true" />
            </column>
            <!-- jhipster-needle-liquibase-add-column - JHipster will add columns here, do not remove-->
        </createTable>
    </changeSet>

    <changeSet id="20200531083500-1-relations" author="jhipster">

    </changeSet>
    <!-- jhipster-needle-liquibase-add-changeset - JHipster will add changesets here, do not remove-->

    <!--
        Load sample data generated with Faker.js
        - This data can be easily edited using a CSV editor (or even MS Excel) and
          is located in the 'src/main/resources/config/liquibase/fake-data' directory
        - By default this data is applied when running with the JHipster 'dev' profile.
          This can be customized by adding or removing 'faker' in the 'spring.liquibase.contexts'
          Spring Boot configuration key.
    -->
    <changeSet id="20200531083500-1-data" author="jhipster" context="faker">
        <loadData
                  file="config/liquibase/fake-data/reply_visit_data_stat.csv"
                  separator=";"
                  tableName="reply_visit_data_stat">
            <column name="id" type="numeric"/>
            <column name="click_count" type="numeric"/>
            <column name="start_date" type="date"/>
            <column name="end_date" type="date"/>
            <column name="source" type="string"/>
            <column name="termimal" type="string"/>
            <column name="reply_count" type="numeric"/>
            <column name="star_count" type="numeric"/>
            <!-- jhipster-needle-liquibase-add-loadcolumn - JHipster (and/or extensions) can add load columns here, do not remove-->
        </loadData>
    </changeSet>

</databaseChangeLog>
