<?xml version="1.0" encoding="utf-8"?>
<databaseChangeLog
    xmlns="http://www.liquibase.org/xml/ns/dbchangelog"
    xmlns:ext="http://www.liquibase.org/xml/ns/dbchangelog-ext"
    xmlns:xsi="http://www.w3.org/2001/XMLSchema-instance"
    xsi:schemaLocation="http://www.liquibase.org/xml/ns/dbchangelog http://www.liquibase.org/xml/ns/dbchangelog/dbchangelog-3.8.xsd
                        http://www.liquibase.org/xml/ns/dbchangelog-ext http://www.liquibase.org/xml/ns/dbchangelog/dbchangelog-ext.xsd">

        <property name="autoIncrement" value="true"/>

    <!--
        Added the entity Author.
    -->
    <changeSet id="20200531083100-1" author="jhipster">
        <createTable tableName="author" remarks="资讯作者.\n@author A true hipster">
            <column name="id" type="bigint" autoIncrement="${autoIncrement}">
                <constraints primaryKey="true" nullable="false"/>
            </column>
            <column name="name" type="varchar(255)" remarks="名称">
                <constraints nullable="true" />
            </column>
            <column name="pct" type="varchar(255)" remarks="头像">
                <constraints nullable="true" />
            </column>
            <column name="valid" type="boolean" remarks="是否有效">
                <constraints nullable="true" />
            </column>
            <column name="create_date" type="datetime" remarks="入驻时间">
                <constraints nullable="true" />
            </column>
            <column name="level" type="integer" remarks="等级">
                <constraints nullable="true" />
            </column>
            <!-- jhipster-needle-liquibase-add-column - JHipster will add columns here, do not remove-->
        </createTable>
        <dropDefaultValue tableName="author" columnName="create_date" columnDataType="datetime"/>
    </changeSet>

    <changeSet id="20200531083100-1-relations" author="jhipster">

    </changeSet>
    <!-- jhipster-needle-liquibase-add-changeset - JHipster will add changesets here, do not remove-->

    <!--
        Load sample data generated with Faker.js
        - This data can be easily edited using a CSV editor (or even MS Excel) and
          is located in the 'src/main/resources/config/liquibase/fake-data' directory
        - By default this data is applied when running with the JHipster 'dev' profile.
          This can be customized by adding or removing 'faker' in the 'spring.liquibase.contexts'
          Spring Boot configuration key.
    -->
    <changeSet id="20200531083100-1-data" author="jhipster" context="faker">
        <loadData
                  file="config/liquibase/fake-data/author.csv"
                  separator=";"
                  tableName="author">
            <column name="id" type="numeric"/>
            <column name="name" type="string"/>
            <column name="pct" type="string"/>
            <column name="valid" type="boolean"/>
            <column name="create_date" type="datetime"/>
            <column name="level" type="numeric"/>
            <!-- jhipster-needle-liquibase-add-loadcolumn - JHipster (and/or extensions) can add load columns here, do not remove-->
        </loadData>
    </changeSet>

</databaseChangeLog>
