<?xml version="1.0" encoding="utf-8"?>
<databaseChangeLog
    xmlns="http://www.liquibase.org/xml/ns/dbchangelog"
    xmlns:ext="http://www.liquibase.org/xml/ns/dbchangelog-ext"
    xmlns:xsi="http://www.w3.org/2001/XMLSchema-instance"
    xsi:schemaLocation="http://www.liquibase.org/xml/ns/dbchangelog http://www.liquibase.org/xml/ns/dbchangelog/dbchangelog-3.8.xsd
                        http://www.liquibase.org/xml/ns/dbchangelog-ext http://www.liquibase.org/xml/ns/dbchangelog/dbchangelog-ext.xsd">

        <property name="autoIncrement" value="true"/>

    <!--
        Added the entity InfoItemVisitData.
    -->
    <changeSet id="20200531083300-1" author="jhipster">
        <createTable tableName="info_item_visit_data" remarks="资讯信息访问记录.\n@author hw">
            <column name="id" type="bigint" autoIncrement="${autoIncrement}">
                <constraints primaryKey="true" nullable="false"/>
            </column>
            <column name="user_id" type="varchar(255)" remarks="访问用户">
                <constraints nullable="true" />
            </column>
            <column name="device_no" type="varchar(255)" remarks="设备号，对于手机就是IMEI">
                <constraints nullable="true" />
            </column>
            <column name="date" type="date" remarks="访问时间">
                <constraints nullable="true" />
            </column>
            <column name="source" type="varchar(255)">
                <constraints nullable="true" />
            </column>
            <column name="action" type="varchar(255)" remarks="访问行为，比如滑动，点击，停留">
                <constraints nullable="true" />
            </column>
            <column name="goods" type="bigint" remarks="商品信息">
                <constraints nullable="true" />
            </column>
            <column name="termimal" type="varchar(255)" remarks="终端类型">
                <constraints nullable="true" />
            </column>
            <column name="stream_item_id" type="bigint">
                <constraints nullable="true" />
            </column>
            <!-- jhipster-needle-liquibase-add-column - JHipster will add columns here, do not remove-->
        </createTable>
    </changeSet>

    <changeSet id="20200531083300-1-relations" author="jhipster">

    </changeSet>
    <!-- jhipster-needle-liquibase-add-changeset - JHipster will add changesets here, do not remove-->

    <!--
        Load sample data generated with Faker.js
        - This data can be easily edited using a CSV editor (or even MS Excel) and
          is located in the 'src/main/resources/config/liquibase/fake-data' directory
        - By default this data is applied when running with the JHipster 'dev' profile.
          This can be customized by adding or removing 'faker' in the 'spring.liquibase.contexts'
          Spring Boot configuration key.
    -->
    <changeSet id="20200531083300-1-data" author="jhipster" context="faker">
        <loadData
                  file="config/liquibase/fake-data/info_item_visit_data.csv"
                  separator=";"
                  tableName="info_item_visit_data">
            <column name="id" type="numeric"/>
            <column name="user_id" type="string"/>
            <column name="device_no" type="string"/>
            <column name="date" type="date"/>
            <column name="source" type="string"/>
            <column name="action" type="string"/>
            <column name="goods" type="numeric"/>
            <column name="termimal" type="string"/>
            <!-- jhipster-needle-liquibase-add-loadcolumn - JHipster (and/or extensions) can add load columns here, do not remove-->
        </loadData>
    </changeSet>

</databaseChangeLog>
