<?xml version="1.0" encoding="utf-8"?>
<databaseChangeLog
    xmlns="http://www.liquibase.org/xml/ns/dbchangelog"
    xmlns:ext="http://www.liquibase.org/xml/ns/dbchangelog-ext"
    xmlns:xsi="http://www.w3.org/2001/XMLSchema-instance"
    xsi:schemaLocation="http://www.liquibase.org/xml/ns/dbchangelog http://www.liquibase.org/xml/ns/dbchangelog/dbchangelog-3.8.xsd
                        http://www.liquibase.org/xml/ns/dbchangelog-ext http://www.liquibase.org/xml/ns/dbchangelog/dbchangelog-ext.xsd">

        <property name="autoIncrement" value="true"/>

    <!--
        Added the entity RelativeGoodsItem.
    -->
    <changeSet id="20200531082900-1" author="jhipster">
        <createTable tableName="relative_goods_item" remarks="资讯关联的商品">
            <column name="id" type="bigint" autoIncrement="${autoIncrement}">
                <constraints primaryKey="true" nullable="false"/>
            </column>
            <column name="platform" type="varchar(255)" remarks="平台">
                <constraints nullable="true" />
            </column>
            <column name="url" type="varchar(255)" remarks="原始地址">
                <constraints nullable="true" />
            </column>
            <column name="item_id" type="varchar(255)" remarks="商品id">
                <constraints nullable="true" />
            </column>
            <column name="translated" type="boolean" remarks="是否已经转链">
                <constraints nullable="true" />
            </column>
            <column name="translated_url" type="varchar(255)" remarks="转链后地址">
                <constraints nullable="true" />
            </column>
            <column name="main_image" type="varchar(255)" remarks="主图">
                <constraints nullable="true" />
            </column>
            <column name="small_images" type="varchar(255)" remarks="小图">
                <constraints nullable="true" />
            </column>
            <column name="title" type="varchar(255)" remarks="标题">
                <constraints nullable="true" />
            </column>
            <column name="shop_name" type="varchar(255)" remarks="店铺名称">
                <constraints nullable="true" />
            </column>
            <column name="sell_count" type="integer" remarks="销量">
                <constraints nullable="true" />
            </column>
            <column name="price" type="double" remarks="价格">
                <constraints nullable="true" />
            </column>
            <column name="zk_price" type="double" remarks="折扣价格">
                <constraints nullable="true" />
            </column>
            <column name="commssion" type="double" remarks="佣金">
                <constraints nullable="true" />
            </column>
            <column name="commssion_rate" type="double" remarks="佣金比例">
                <constraints nullable="true" />
            </column>
            <column name="description" type="varchar(255)" remarks="推荐语">
                <constraints nullable="true" />
            </column>
            <column name="coupon" type="double" remarks="优惠券">
                <constraints nullable="true" />
            </column>
            <column name="stream_item_id" type="bigint">
                <constraints nullable="true" />
            </column>
            <column name="info_stream_item_id" type="bigint">
                <constraints nullable="true" />
            </column>
            <!-- jhipster-needle-liquibase-add-column - JHipster will add columns here, do not remove-->
        </createTable>
    </changeSet>

    <changeSet id="20200531082900-1-relations" author="jhipster">

    </changeSet>
    <!-- jhipster-needle-liquibase-add-changeset - JHipster will add changesets here, do not remove-->

    <!--
        Load sample data generated with Faker.js
        - This data can be easily edited using a CSV editor (or even MS Excel) and
          is located in the 'src/main/resources/config/liquibase/fake-data' directory
        - By default this data is applied when running with the JHipster 'dev' profile.
          This can be customized by adding or removing 'faker' in the 'spring.liquibase.contexts'
          Spring Boot configuration key.
    -->
    <changeSet id="20200531082900-1-data" author="jhipster" context="faker">
        <loadData
                  file="config/liquibase/fake-data/relative_goods_item.csv"
                  separator=";"
                  tableName="relative_goods_item">
            <column name="id" type="numeric"/>
            <column name="platform" type="string"/>
            <column name="url" type="string"/>
            <column name="item_id" type="string"/>
            <column name="translated" type="boolean"/>
            <column name="translated_url" type="string"/>
            <column name="main_image" type="string"/>
            <column name="small_images" type="string"/>
            <column name="title" type="string"/>
            <column name="shop_name" type="string"/>
            <column name="sell_count" type="numeric"/>
            <column name="price" type="numeric"/>
            <column name="zk_price" type="numeric"/>
            <column name="commssion" type="numeric"/>
            <column name="commssion_rate" type="numeric"/>
            <column name="description" type="string"/>
            <column name="coupon" type="numeric"/>
            <!-- jhipster-needle-liquibase-add-loadcolumn - JHipster (and/or extensions) can add load columns here, do not remove-->
        </loadData>
    </changeSet>

</databaseChangeLog>
