<?xml version="1.0" encoding="utf-8"?>
<databaseChangeLog
    xmlns="http://www.liquibase.org/xml/ns/dbchangelog"
    xmlns:ext="http://www.liquibase.org/xml/ns/dbchangelog-ext"
    xmlns:xsi="http://www.w3.org/2001/XMLSchema-instance"
    xsi:schemaLocation="http://www.liquibase.org/xml/ns/dbchangelog http://www.liquibase.org/xml/ns/dbchangelog/dbchangelog-3.8.xsd
                        http://www.liquibase.org/xml/ns/dbchangelog-ext http://www.liquibase.org/xml/ns/dbchangelog/dbchangelog-ext.xsd">

        <property name="autoIncrement" value="true"/>

    <!--
        Added the entity UserContentCollection.
    -->
    <changeSet id="20200531083800-1" author="jhipster">
        <createTable tableName="user_content_collection" remarks="用户内容收藏">
            <column name="id" type="bigint" autoIncrement="${autoIncrement}">
                <constraints primaryKey="true" nullable="false"/>
            </column>
            <column name="user_id" type="bigint" remarks="用户">
                <constraints nullable="true" />
            </column>
            <column name="platform" type="varchar(255)" remarks="平台">
                <constraints nullable="true" />
            </column>
            <column name="link" type="varchar(255)" remarks="链接">
                <constraints nullable="true" />
            </column>
            <column name="create_date" type="datetime" remarks="创建日期">
                <constraints nullable="true" />
            </column>
            <column name="pct_url" type="varchar(255)" remarks="图片地址">
                <constraints nullable="true" />
            </column>
            <column name="valid" type="boolean" remarks="有效">
                <constraints nullable="true" />
            </column>
            <!-- jhipster-needle-liquibase-add-column - JHipster will add columns here, do not remove-->
        </createTable>
        <dropDefaultValue tableName="user_content_collection" columnName="create_date" columnDataType="datetime"/>
    </changeSet>

    <changeSet id="20200531083800-1-relations" author="jhipster">

    </changeSet>
    <!-- jhipster-needle-liquibase-add-changeset - JHipster will add changesets here, do not remove-->

    <!--
        Load sample data generated with Faker.js
        - This data can be easily edited using a CSV editor (or even MS Excel) and
          is located in the 'src/main/resources/config/liquibase/fake-data' directory
        - By default this data is applied when running with the JHipster 'dev' profile.
          This can be customized by adding or removing 'faker' in the 'spring.liquibase.contexts'
          Spring Boot configuration key.
    -->
    <changeSet id="20200531083800-1-data" author="jhipster" context="faker">
        <loadData
                  file="config/liquibase/fake-data/user_content_collection.csv"
                  separator=";"
                  tableName="user_content_collection">
            <column name="id" type="numeric"/>
            <column name="user_id" type="numeric"/>
            <column name="platform" type="string"/>
            <column name="link" type="string"/>
            <column name="create_date" type="datetime"/>
            <column name="pct_url" type="string"/>
            <column name="valid" type="boolean"/>
            <!-- jhipster-needle-liquibase-add-loadcolumn - JHipster (and/or extensions) can add load columns here, do not remove-->
        </loadData>
    </changeSet>

</databaseChangeLog>
