id;platform;url;item_id;translated;translated_url;main_image;small_images;title;shop_name;sell_count;price;zk_price;commssion;commssion_rate;description;coupon
1;Rubber Norfolk Island virtual;https://peter.info;Checking Account SSL Coordinator;true;pixel;Bedfordshire grid-enabled;tan Handmade recontextualize;fault-tolerant;reciprocal Movies Sleek;82384;282;29763;90320;46234;Visionary hard drive Granite;27220
2;Buckinghamshire convergence back-end;http://justine.name;secured line ROI microchip;true;Outdoors redundant;Forward Upgradable calculating;syndicate;contingency withdrawal;Metal Interactions;31426;67018;51014;55863;72599;Guadeloupe;37749
3;Berkshire New Leu;http://howard.info;SAS hack;true;Metal Global;Managed;navigating Branding maximize;Chilean Peso Unidades de fomento B2C Group;Creek teal Implemented;99733;53849;5294;16319;14298;payment deposit;67954
4;Singapore Dollar Refined Rubber Ball;http://bernardo.info;vortals Chilean Peso Unidades de fomento project;true;Italy Fantastic Concrete Tuna e-markets;Berkshire mission-critical;Auto Loan Account Cheese;Forward Movies;payment Customizable;12176;22426;17537;47754;59591;applications;69552
5;invoice navigating;http://larue.name;Saudi Riyal Manager Gourde US Dollar;false;bluetooth wireless;New Mexico capability Personal Loan Account;transparent e-enable;invoice Phased;violet harness Cambridgeshire;9841;62556;28903;63653;3509;Lead;29693
6;Functionality;https://thalia.info;microchip;true;Roads Canadian Dollar Identity;Facilitator index;Assurance;directional;Specialist Auto Loan Account;42806;21612;37198;39118;23129;lavender vertical;61036
7;Creative neural e-business;http://orin.biz;access Direct;true;Incredible Concrete Pants;Intuitive website Checking Account;SDD Music;B2B;protocol calculating customized;33009;28028;23048;59803;28521;Wyoming;95850
8;asymmetric panel reintermediate;http://dino.info;Directives plug-and-play;true;Costa Rica channels neural;HTTP;multi-state olive;deposit interfaces UAE Dirham;Adaptive fuchsia Keys;70043;71668;81598;30528;58677;Keyboard;9077
9;scalable;https://jordi.biz;Berkshire quantifying;false;eco-centric;seize Licensed Granite Bacon website;Nigeria Designer;Dynamic grey;Table matrix;85422;62508;250;76948;8520;Unbranded Rubber Shoes Prairie Kids;48718
10;Directives redundant utilize;http://vallie.name;Argentina;true;wireless Supervisor;deposit;Functionality;engage Strategist;Frozen Inlet coherent;18077;72442;17746;44984;97733;Operative Technician;15288
